county,year,season,seasonal_rainfall_mm,temp_mean_c,max_dry_spell_days,onset_week,n_stations,data_source
Bomet,2015,Long Rains (MAM),313.8,19.1,22,4,1,"NASA POWER (real, MEASURED-tier reanalysis)"
Bomet,2015,Short Rains (OND),375.6,19.0,10,7,1,"NASA POWER (real, MEASURED-tier reanalysis)"
Bomet,2016,Long Rains (MAM),423.4,19.1,11,5,1,"NASA POWER (real, MEASURED-tier reanalysis)"
Bomet,2016,Short Rains (OND),138.3,19.1,32,1,1,"NASA POWER (real, MEASURED-tier reanalysis)"
Bomet,2017,Long Rains (MAM),184.9,20.3,15,7,1,"NASA POWER (real, MEASURED-tier reanalysis)"
Bomet,2017,Short Rains (OND),241.7,18.8,22,2,1,"NASA POWER (real, MEASURED-tier reanalysis)"
Bomet,2018,Long Rains (MAM),788.7,17.1,5,1,1,"NASA POWER (real, MEASURED-tier reanalysis)"
Bomet,2018,Short Rains (OND),240.1,18.5,8,7,1,"NASA POWER (real, MEASURED-tier reanalysis)"
Bomet,2019,Long Rains (MAM),198.6,20.8,24,8,1,"NASA POWER (real, MEASURED-tier reanalysis)"
Bomet,2019,Short Rains (OND),794.5,18.1,4,3,1,"NASA POWER (real, MEASURED-tier reanalysis)"
Bomet,2020,Long Rains (MAM),645.9,17.3,7,1,1,"NASA POWER (real, MEASURED-tier reanalysis)"
Bomet,2020,Short Rains (OND),313.6,17.6,10,3,1,"NASA POWER (real, MEASURED-tier reanalysis)"
Bomet,2021,Long Rains (MAM),356.8,18.4,10,4,1,"NASA POWER (real, MEASURED-tier reanalysis)"
Bomet,2021,Short Rains (OND),149.4,19.4,9,9,1,"NASA POWER (real, MEASURED-tier reanalysis)"
Bomet,2022,Long Rains (MAM),241.1,19.8,23,4,1,"NASA POWER (real, MEASURED-tier reanalysis)"
Bomet,2022,Short Rains (OND),147.4,18.9,26,7,1,"NASA POWER (real, MEASURED-tier reanalysis)"
Bomet,2023,Long Rains (MAM),328.8,19.0,7,3,1,"NASA POWER (real, MEASURED-tier reanalysis)"
Bomet,2023,Short Rains (OND),364.8,19.2,6,6,1,"NASA POWER (real, MEASURED-tier reanalysis)"
Bomet,2024,Long Rains (MAM),820.9,18.1,8,1,1,"NASA POWER (real, MEASURED-tier reanalysis)"
Bomet,2024,Short Rains (OND),295.0,18.5,8,8,1,"NASA POWER (real, MEASURED-tier reanalysis)"
Bungoma,2015,Long Rains (MAM),2417.4,21.0,77,4,4,"NASA POWER (real, MEASURED-tier reanalysis)"
Bungoma,2015,Short Rains (OND),3024.6,19.9,15,1,4,"NASA POWER (real, MEASURED-tier reanalysis)"
Bungoma,2016,Long Rains (MAM),2450.0,21.0,29,1,4,"NASA POWER (real, MEASURED-tier reanalysis)"
Bungoma,2016,Short Rains (OND),874.6,20.2,40,1,4,"NASA POWER (real, MEASURED-tier reanalysis)"
Bungoma,2017,Long Rains (MAM),2133.0,21.4,40,3,4,"NASA POWER (real, MEASURED-tier reanalysis)"
Bungoma,2017,Short Rains (OND),1730.3,19.5,49,2,4,"NASA POWER (real, MEASURED-tier reanalysis)"
Bungoma,2018,Long Rains (MAM),4312.1,19.3,10,1,4,"NASA POWER (real, MEASURED-tier reanalysis)"
Bungoma,2018,Short Rains (OND),1586.8,19.8,18,1,4,"NASA POWER (real, MEASURED-tier reanalysis)"
Bungoma,2019,Long Rains (MAM),2134.5,21.8,39,1,4,"NASA POWER (real, MEASURED-tier reanalysis)"
Bungoma,2019,Short Rains (OND),3246.4,19.4,20,1,4,"NASA POWER (real, MEASURED-tier reanalysis)"
Bungoma,2020,Long Rains (MAM),4123.5,20.0,8,1,4,"NASA POWER (real, MEASURED-tier reanalysis)"
Bungoma,2020,Short Rains (OND),2301.9,19.4,20,1,4,"NASA POWER (real, MEASURED-tier reanalysis)"
Bungoma,2021,Long Rains (MAM),1975.7,20.4,42,5,4,"NASA POWER (real, MEASURED-tier reanalysis)"
Bungoma,2021,Short Rains (OND),1271.4,20.3,12,1,4,"NASA POWER (real, MEASURED-tier reanalysis)"
Bungoma,2022,Long Rains (MAM),1881.2,21.4,32,4,4,"NASA POWER (real, MEASURED-tier reanalysis)"
Bungoma,2022,Short Rains (OND),1275.4,19.7,16,1,4,"NASA POWER (real, MEASURED-tier reanalysis)"
Bungoma,2023,Long Rains (MAM),3804.8,20.5,23,2,4,"NASA POWER (real, MEASURED-tier reanalysis)"
Bungoma,2023,Short Rains (OND),2046.9,20.2,28,1,4,"NASA POWER (real, MEASURED-tier reanalysis)"
Bungoma,2024,Long Rains (MAM),2948.1,21.0,53,1,4,"NASA POWER (real, MEASURED-tier reanalysis)"
Bungoma,2024,Short Rains (OND),2246.1,19.9,34,1,4,"NASA POWER (real, MEASURED-tier reanalysis)"
Embu,2015,Long Rains (MAM),910.7,21.2,34,4,2,"NASA POWER (real, MEASURED-tier reanalysis)"
Embu,2015,Short Rains (OND),955.8,20.7,8,3,2,"NASA POWER (real, MEASURED-tier reanalysis)"
Embu,2016,Long Rains (MAM),789.2,21.6,22,1,2,"NASA POWER (real, MEASURED-tier reanalysis)"
Embu,2016,Short Rains (OND),559.4,20.8,24,7,2,"NASA POWER (real, MEASURED-tier reanalysis)"
Embu,2017,Long Rains (MAM),598.5,21.9,36,5,2,"NASA POWER (real, MEASURED-tier reanalysis)"
Embu,2017,Short Rains (OND),696.8,20.5,24,2,2,"NASA POWER (real, MEASURED-tier reanalysis)"
Embu,2018,Long Rains (MAM),2002.6,19.8,6,1,2,"NASA POWER (real, MEASURED-tier reanalysis)"
Embu,2018,Short Rains (OND),635.7,20.3,10,5,2,"NASA POWER (real, MEASURED-tier reanalysis)"
Embu,2019,Long Rains (MAM),333.5,22.6,36,8,2,"NASA POWER (real, MEASURED-tier reanalysis)"
Embu,2019,Short Rains (OND),1453.1,20.3,4,1,2,"NASA POWER (real, MEASURED-tier reanalysis)"
Embu,2020,Long Rains (MAM),1030.2,20.6,10,4,2,"NASA POWER (real, MEASURED-tier reanalysis)"
Embu,2020,Short Rains (OND),742.9,20.3,12,3,2,"NASA POWER (real, MEASURED-tier reanalysis)"
Embu,2021,Long Rains (MAM),747.6,20.9,26,3,2,"NASA POWER (real, MEASURED-tier reanalysis)"
Embu,2021,Short Rains (OND),681.6,20.9,8,3,2,"NASA POWER (real, MEASURED-tier reanalysis)"
Embu,2022,Long Rains (MAM),582.5,21.6,34,1,2,"NASA POWER (real, MEASURED-tier reanalysis)"
Embu,2022,Short Rains (OND),585.8,20.1,40,5,2,"NASA POWER (real, MEASURED-tier reanalysis)"
Embu,2023,Long Rains (MAM),964.9,20.9,10,3,2,"NASA POWER (real, MEASURED-tier reanalysis)"
Embu,2023,Short Rains (OND),1207.3,20.4,10,3,2,"NASA POWER (real, MEASURED-tier reanalysis)"
Embu,2024,Long Rains (MAM),1626.8,21.0,14,1,2,"NASA POWER (real, MEASURED-tier reanalysis)"
Embu,2024,Short Rains (OND),782.3,20.9,14,3,2,"NASA POWER (real, MEASURED-tier reanalysis)"
Isiolo,2015,Long Rains (MAM),380.8,26.8,40,4,2,"NASA POWER (real, MEASURED-tier reanalysis)"
Isiolo,2015,Short Rains (OND),513.2,26.2,10,3,2,"NASA POWER (real, MEASURED-tier reanalysis)"
Isiolo,2016,Long Rains (MAM),357.2,27.6,27,1,2,"NASA POWER (real, MEASURED-tier reanalysis)"
Isiolo,2016,Short Rains (OND),289.9,26.1,43,7,2,"NASA POWER (real, MEASURED-tier reanalysis)"
Isiolo,2017,Long Rains (MAM),316.8,27.5,31,7,2,"NASA POWER (real, MEASURED-tier reanalysis)"
Isiolo,2017,Short Rains (OND),448.8,25.8,24,2,2,"NASA POWER (real, MEASURED-tier reanalysis)"
Isiolo,2018,Long Rains (MAM),1000.8,24.9,11,1,2,"NASA POWER (real, MEASURED-tier reanalysis)"
Isiolo,2018,Short Rains (OND),289.8,26.2,13,5,2,"NASA POWER (real, MEASURED-tier reanalysis)"
Isiolo,2019,Long Rains (MAM),239.2,28.1,37,8,2,"NASA POWER (real, MEASURED-tier reanalysis)"
Isiolo,2019,Short Rains (OND),893.0,24.8,10,1,2,"NASA POWER (real, MEASURED-tier reanalysis)"
Isiolo,2020,Long Rains (MAM),498.1,26.1,13,4,2,"NASA POWER (real, MEASURED-tier reanalysis)"
Isiolo,2020,Short Rains (OND),536.8,26.1,19,5,2,"NASA POWER (real, MEASURED-tier reanalysis)"
Isiolo,2021,Long Rains (MAM),283.2,26.7,28,10,2,"NASA POWER (real, MEASURED-tier reanalysis)"
Isiolo,2021,Short Rains (OND),621.5,25.8,35,9,2,"NASA POWER (real, MEASURED-tier reanalysis)"
Isiolo,2022,Long Rains (MAM),628.5,26.3,34,1,2,"NASA POWER (real, MEASURED-tier reanalysis)"
Isiolo,2022,Short Rains (OND),280.7,25.7,51,5,2,"NASA POWER (real, MEASURED-tier reanalysis)"
Isiolo,2023,Long Rains (MAM),512.9,26.4,29,5,2,"NASA POWER (real, MEASURED-tier reanalysis)"
Isiolo,2023,Short Rains (OND),845.5,25.1,18,3,2,"NASA POWER (real, MEASURED-tier reanalysis)"
Isiolo,2024,Long Rains (MAM),610.4,26.5,26,5,2,"NASA POWER (real, MEASURED-tier reanalysis)"
Isiolo,2024,Short Rains (OND),385.3,26.7,26,6,2,"NASA POWER (real, MEASURED-tier reanalysis)"
Kakamega,2015,Long Rains (MAM),1583.7,20.7,38,4,2,"NASA POWER (real, MEASURED-tier reanalysis)"
Kakamega,2015,Short Rains (OND),1698.9,19.6,6,1,2,"NASA POWER (real, MEASURED-tier reanalysis)"
Kakamega,2016,Long Rains (MAM),1479.5,20.6,14,1,2,"NASA POWER (real, MEASURED-tier reanalysis)"
Kakamega,2016,Short Rains (OND),485.7,19.6,29,1,2,"NASA POWER (real, MEASURED-tier reanalysis)"
Kakamega,2017,Long Rains (MAM),1308.8,20.9,8,2,2,"NASA POWER (real, MEASURED-tier reanalysis)"
Kakamega,2017,Short Rains (OND),1088.4,19.2,24,2,2,"NASA POWER (real, MEASURED-tier reanalysis)"
Kakamega,2018,Long Rains (MAM),2618.0,19.1,2,1,2,"NASA POWER (real, MEASURED-tier reanalysis)"
Kakamega,2018,Short Rains (OND),832.6,19.6,12,1,2,"NASA POWER (real, MEASURED-tier reanalysis)"
Kakamega,2019,Long Rains (MAM),1091.5,21.6,33,1,2,"NASA POWER (real, MEASURED-tier reanalysis)"
Kakamega,2019,Short Rains (OND),2197.5,19.2,7,1,2,"NASA POWER (real, MEASURED-tier reanalysis)"
Kakamega,2020,Long Rains (MAM),2283.4,19.9,4,1,2,"NASA POWER (real, MEASURED-tier reanalysis)"
Kakamega,2020,Short Rains (OND),1274.2,19.2,13,2,2,"NASA POWER (real, MEASURED-tier reanalysis)"
Kakamega,2021,Long Rains (MAM),1413.2,20.2,16,3,2,"NASA POWER (real, MEASURED-tier reanalysis)"
Kakamega,2021,Short Rains (OND),820.8,19.8,8,1,2,"NASA POWER (real, MEASURED-tier reanalysis)"
Kakamega,2022,Long Rains (MAM),1124.6,20.8,15,4,2,"NASA POWER (real, MEASURED-tier reanalysis)"
Kakamega,2022,Short Rains (OND),765.5,19.4,15,1,2,"NASA POWER (real, MEASURED-tier reanalysis)"
Kakamega,2023,Long Rains (MAM),2207.9,20.1,12,1,2,"NASA POWER (real, MEASURED-tier reanalysis)"
Kakamega,2023,Short Rains (OND),1699.0,19.9,11,1,2,"NASA POWER (real, MEASURED-tier reanalysis)"
Kakamega,2024,Long Rains (MAM),2007.6,20.6,25,1,2,"NASA POWER (real, MEASURED-tier reanalysis)"
Kakamega,2024,Short Rains (OND),1298.1,19.6,12,1,2,"NASA POWER (real, MEASURED-tier reanalysis)"
Kericho,2015,Long Rains (MAM),1564.9,21.1,38,4,2,"NASA POWER (real, MEASURED-tier reanalysis)"
Kericho,2015,Short Rains (OND),2097.2,20.0,6,1,2,"NASA POWER (real, MEASURED-tier reanalysis)"
Kericho,2016,Long Rains (MAM),1311.7,21.0,14,1,2,"NASA POWER (real, MEASURED-tier reanalysis)"
Kericho,2016,Short Rains (OND),562.9,20.6,28,1,2,"NASA POWER (real, MEASURED-tier reanalysis)"
Kericho,2017,Long Rains (MAM),1347.0,21.3,18,2,2,"NASA POWER (real, MEASURED-tier reanalysis)"
Kericho,2017,Short Rains (OND),1318.7,20.0,24,2,2,"NASA POWER (real, MEASURED-tier reanalysis)"
Kericho,2018,Long Rains (MAM),2539.3,19.1,2,1,2,"NASA POWER (real, MEASURED-tier reanalysis)"
Kericho,2018,Short Rains (OND),1106.4,20.2,10,1,2,"NASA POWER (real, MEASURED-tier reanalysis)"
Kericho,2019,Long Rains (MAM),1034.7,21.9,36,1,2,"NASA POWER (real, MEASURED-tier reanalysis)"
Kericho,2019,Short Rains (OND),2897.9,19.6,6,1,2,"NASA POWER (real, MEASURED-tier reanalysis)"
Kericho,2020,Long Rains (MAM),2279.9,20.0,4,1,2,"NASA POWER (real, MEASURED-tier reanalysis)"
Kericho,2020,Short Rains (OND),1552.6,19.9,8,2,2,"NASA POWER (real, MEASURED-tier reanalysis)"
Kericho,2021,Long Rains (MAM),1713.2,20.3,20,3,2,"NASA POWER (real, MEASURED-tier reanalysis)"
Kericho,2021,Short Rains (OND),1129.3,20.5,8,1,2,"NASA POWER (real, MEASURED-tier reanalysis)"
Kericho,2022,Long Rains (MAM),1259.4,20.8,46,4,2,"NASA POWER (real, MEASURED-tier reanalysis)"
Kericho,2022,Short Rains (OND),925.3,20.1,14,1,2,"NASA POWER (real, MEASURED-tier reanalysis)"
Kericho,2023,Long Rains (MAM),2449.9,20.3,12,1,2,"NASA POWER (real, MEASURED-tier reanalysis)"
Kericho,2023,Short Rains (OND),2367.2,20.4,6,1,2,"NASA POWER (real, MEASURED-tier reanalysis)"
Kericho,2024,Long Rains (MAM),2629.3,20.8,14,1,2,"NASA POWER (real, MEASURED-tier reanalysis)"
Kericho,2024,Short Rains (OND),1729.1,20.2,8,1,2,"NASA POWER (real, MEASURED-tier reanalysis)"
Kiambu,2015,Long Rains (MAM),1181.1,20.0,95,4,5,"NASA POWER (real, MEASURED-tier reanalysis)"
Kiambu,2015,Short Rains (OND),1470.2,19.7,35,5,5,"NASA POWER (real, MEASURED-tier reanalysis)"
Kiambu,2016,Long Rains (MAM),1008.7,20.5,95,1,5,"NASA POWER (real, MEASURED-tier reanalysis)"
Kiambu,2016,Short Rains (OND),1000.3,19.5,115,5,5,"NASA POWER (real, MEASURED-tier reanalysis)"
Kiambu,2017,Long Rains (MAM),873.5,20.5,80,7,5,"NASA POWER (real, MEASURED-tier reanalysis)"
Kiambu,2017,Short Rains (OND),920.0,19.6,60,2,5,"NASA POWER (real, MEASURED-tier reanalysis)"
Kiambu,2018,Long Rains (MAM),3604.0,18.0,17,1,5,"NASA POWER (real, MEASURED-tier reanalysis)"
Kiambu,2018,Short Rains (OND),1203.8,19.5,40,4,5,"NASA POWER (real, MEASURED-tier reanalysis)"
Kiambu,2019,Long Rains (MAM),490.0,21.2,105,8,5,"NASA POWER (real, MEASURED-tier reanalysis)"
Kiambu,2019,Short Rains (OND),2295.2,19.0,15,2,5,"NASA POWER (real, MEASURED-tier reanalysis)"
Kiambu,2020,Long Rains (MAM),2129.9,19.2,65,1,5,"NASA POWER (real, MEASURED-tier reanalysis)"
Kiambu,2020,Short Rains (OND),1416.0,19.4,45,4,5,"NASA POWER (real, MEASURED-tier reanalysis)"
Kiambu,2021,Long Rains (MAM),1112.2,19.8,75,3,5,"NASA POWER (real, MEASURED-tier reanalysis)"
Kiambu,2021,Short Rains (OND),1149.2,19.8,77,3,5,"NASA POWER (real, MEASURED-tier reanalysis)"
Kiambu,2022,Long Rains (MAM),488.1,20.6,86,5,5,"NASA POWER (real, MEASURED-tier reanalysis)"
Kiambu,2022,Short Rains (OND),903.6,19.3,150,5,5,"NASA POWER (real, MEASURED-tier reanalysis)"
Kiambu,2023,Long Rains (MAM),1315.5,19.7,55,4,5,"NASA POWER (real, MEASURED-tier reanalysis)"
Kiambu,2023,Short Rains (OND),1880.2,19.3,20,3,5,"NASA POWER (real, MEASURED-tier reanalysis)"
Kiambu,2024,Long Rains (MAM),2011.7,19.7,35,4,5,"NASA POWER (real, MEASURED-tier reanalysis)"
Kiambu,2024,Short Rains (OND),1261.8,20.1,55,6,5,"NASA POWER (real, MEASURED-tier reanalysis)"
Kilifi,2015,Long Rains (MAM),431.7,27.7,19,3,1,"NASA POWER (real, MEASURED-tier reanalysis)"
Kilifi,2015,Short Rains (OND),336.6,27.5,14,1,1,"NASA POWER (real, MEASURED-tier reanalysis)"
Kilifi,2016,Long Rains (MAM),302.0,28.2,22,6,1,"NASA POWER (real, MEASURED-tier reanalysis)"
Kilifi,2016,Short Rains (OND),115.4,27.1,33,9,1,"NASA POWER (real, MEASURED-tier reanalysis)"
Kilifi,2017,Long Rains (MAM),441.2,28.1,21,6,1,"NASA POWER (real, MEASURED-tier reanalysis)"
Kilifi,2017,Short Rains (OND),247.1,27.2,20,5,1,"NASA POWER (real, MEASURED-tier reanalysis)"
Kilifi,2018,Long Rains (MAM),629.4,27.3,5,1,1,"NASA POWER (real, MEASURED-tier reanalysis)"
Kilifi,2018,Short Rains (OND),303.2,27.0,12,1,1,"NASA POWER (real, MEASURED-tier reanalysis)"
Kilifi,2019,Long Rains (MAM),455.4,28.4,29,10,1,"NASA POWER (real, MEASURED-tier reanalysis)"
Kilifi,2019,Short Rains (OND),682.4,27.0,4,1,1,"NASA POWER (real, MEASURED-tier reanalysis)"
Kilifi,2020,Long Rains (MAM),429.3,27.8,7,4,1,"NASA POWER (real, MEASURED-tier reanalysis)"
Kilifi,2020,Short Rains (OND),272.6,27.4,17,6,1,"NASA POWER (real, MEASURED-tier reanalysis)"
Kilifi,2021,Long Rains (MAM),334.4,27.5,20,3,1,"NASA POWER (real, MEASURED-tier reanalysis)"
Kilifi,2021,Short Rains (OND),203.6,27.4,23,11,1,"NASA POWER (real, MEASURED-tier reanalysis)"
Kilifi,2022,Long Rains (MAM),227.6,28.0,27,5,1,"NASA POWER (real, MEASURED-tier reanalysis)"
Kilifi,2022,Short Rains (OND),169.5,26.6,14,5,1,"NASA POWER (real, MEASURED-tier reanalysis)"
Kilifi,2023,Long Rains (MAM),749.7,27.6,17,7,1,"NASA POWER (real, MEASURED-tier reanalysis)"
Kilifi,2023,Short Rains (OND),565.0,27.4,6,1,1,"NASA POWER (real, MEASURED-tier reanalysis)"
Kilifi,2024,Long Rains (MAM),375.6,28.2,10,3,1,"NASA POWER (real, MEASURED-tier reanalysis)"
Kilifi,2024,Short Rains (OND),297.2,27.7,12,7,1,"NASA POWER (real, MEASURED-tier reanalysis)"
Kisii,2015,Long Rains (MAM),1783.2,20.5,58,4,3,"NASA POWER (real, MEASURED-tier reanalysis)"
Kisii,2015,Short Rains (OND),2410.1,19.7,9,1,3,"NASA POWER (real, MEASURED-tier reanalysis)"
Kisii,2016,Long Rains (MAM),1682.0,20.2,21,1,3,"NASA POWER (real, MEASURED-tier reanalysis)"
Kisii,2016,Short Rains (OND),632.3,20.4,43,1,3,"NASA POWER (real, MEASURED-tier reanalysis)"
Kisii,2017,Long Rains (MAM),1398.8,20.9,25,3,3,"NASA POWER (real, MEASURED-tier reanalysis)"
Kisii,2017,Short Rains (OND),1446.8,19.8,36,2,3,"NASA POWER (real, MEASURED-tier reanalysis)"
Kisii,2018,Long Rains (MAM),3296.7,18.3,3,1,3,"NASA POWER (real, MEASURED-tier reanalysis)"
Kisii,2018,Short Rains (OND),1442.1,19.7,16,1,3,"NASA POWER (real, MEASURED-tier reanalysis)"
Kisii,2019,Long Rains (MAM),1173.7,21.5,54,1,3,"NASA POWER (real, MEASURED-tier reanalysis)"
Kisii,2019,Short Rains (OND),3476.3,19.2,9,1,3,"NASA POWER (real, MEASURED-tier reanalysis)"
Kisii,2020,Long Rains (MAM),2877.5,19.0,6,1,3,"NASA POWER (real, MEASURED-tier reanalysis)"
Kisii,2020,Short Rains (OND),2319.8,19.2,12,2,3,"NASA POWER (real, MEASURED-tier reanalysis)"
Kisii,2021,Long Rains (MAM),1963.4,19.5,30,3,3,"NASA POWER (real, MEASURED-tier reanalysis)"
Kisii,2021,Short Rains (OND),1242.7,20.1,12,1,3,"NASA POWER (real, MEASURED-tier reanalysis)"
Kisii,2022,Long Rains (MAM),1401.4,20.4,69,4,3,"NASA POWER (real, MEASURED-tier reanalysis)"
Kisii,2022,Short Rains (OND),1079.0,19.9,24,1,3,"NASA POWER (real, MEASURED-tier reanalysis)"
Kisii,2023,Long Rains (MAM),2808.1,19.7,15,1,3,"NASA POWER (real, MEASURED-tier reanalysis)"
Kisii,2023,Short Rains (OND),2374.6,20.1,10,1,3,"NASA POWER (real, MEASURED-tier reanalysis)"
Kisii,2024,Long Rains (MAM),3357.2,19.9,21,1,3,"NASA POWER (real, MEASURED-tier reanalysis)"
Kisii,2024,Short Rains (OND),1757.0,19.9,12,1,3,"NASA POWER (real, MEASURED-tier reanalysis)"
Kisumu,2015,Long Rains (MAM),1595.1,22.4,36,4,2,"NASA POWER (real, MEASURED-tier reanalysis)"
Kisumu,2015,Short Rains (OND),2196.3,21.3,7,1,2,"NASA POWER (real, MEASURED-tier reanalysis)"
Kisumu,2016,Long Rains (MAM),1267.4,22.3,14,1,2,"NASA POWER (real, MEASURED-tier reanalysis)"
Kisumu,2016,Short Rains (OND),560.3,22.1,28,1,2,"NASA POWER (real, MEASURED-tier reanalysis)"
Kisumu,2017,Long Rains (MAM),1458.4,22.5,8,3,2,"NASA POWER (real, MEASURED-tier reanalysis)"
Kisumu,2017,Short Rains (OND),1165.4,21.5,20,2,2,"NASA POWER (real, MEASURED-tier reanalysis)"
Kisumu,2018,Long Rains (MAM),2293.8,20.4,2,1,2,"NASA POWER (real, MEASURED-tier reanalysis)"
Kisumu,2018,Short Rains (OND),1180.4,21.6,8,1,2,"NASA POWER (real, MEASURED-tier reanalysis)"
Kisumu,2019,Long Rains (MAM),1138.3,23.0,16,1,2,"NASA POWER (real, MEASURED-tier reanalysis)"
Kisumu,2019,Short Rains (OND),2626.6,20.8,7,1,2,"NASA POWER (real, MEASURED-tier reanalysis)"
Kisumu,2020,Long Rains (MAM),2093.9,21.3,3,1,2,"NASA POWER (real, MEASURED-tier reanalysis)"
Kisumu,2020,Short Rains (OND),1612.4,21.3,8,2,2,"NASA POWER (real, MEASURED-tier reanalysis)"
Kisumu,2021,Long Rains (MAM),1587.3,21.7,12,3,2,"NASA POWER (real, MEASURED-tier reanalysis)"
Kisumu,2021,Short Rains (OND),1131.9,22.0,8,1,2,"NASA POWER (real, MEASURED-tier reanalysis)"
Kisumu,2022,Long Rains (MAM),1311.7,22.2,11,1,2,"NASA POWER (real, MEASURED-tier reanalysis)"
Kisumu,2022,Short Rains (OND),991.3,21.5,11,1,2,"NASA POWER (real, MEASURED-tier reanalysis)"
Kisumu,2023,Long Rains (MAM),2331.7,21.6,12,1,2,"NASA POWER (real, MEASURED-tier reanalysis)"
Kisumu,2023,Short Rains (OND),2195.6,21.9,7,1,2,"NASA POWER (real, MEASURED-tier reanalysis)"
Kisumu,2024,Long Rains (MAM),2096.4,22.3,14,1,2,"NASA POWER (real, MEASURED-tier reanalysis)"
Kisumu,2024,Short Rains (OND),1673.2,21.7,8,1,2,"NASA POWER (real, MEASURED-tier reanalysis)"
Kitui,2015,Long Rains (MAM),791.5,24.6,79,4,4,"NASA POWER (real, MEASURED-tier reanalysis)"
Kitui,2015,Short Rains (OND),1145.5,24.2,28,5,4,"NASA POWER (real, MEASURED-tier reanalysis)"
Kitui,2016,Long Rains (MAM),656.2,25.2,72,5,4,"NASA POWER (real, MEASURED-tier reanalysis)"
Kitui,2016,Short Rains (OND),723.4,24.1,92,5,4,"NASA POWER (real, MEASURED-tier reanalysis)"
Kitui,2017,Long Rains (MAM),611.2,25.2,67,8,4,"NASA POWER (real, MEASURED-tier reanalysis)"
Kitui,2017,Short Rains (OND),759.3,24.1,48,3,4,"NASA POWER (real, MEASURED-tier reanalysis)"
Kitui,2018,Long Rains (MAM),1987.9,22.9,15,1,4,"NASA POWER (real, MEASURED-tier reanalysis)"
Kitui,2018,Short Rains (OND),875.2,24.0,44,5,4,"NASA POWER (real, MEASURED-tier reanalysis)"
Kitui,2019,Long Rains (MAM),366.6,25.8,104,8,4,"NASA POWER (real, MEASURED-tier reanalysis)"
Kitui,2019,Short Rains (OND),2104.0,23.1,12,2,4,"NASA POWER (real, MEASURED-tier reanalysis)"
Kitui,2020,Long Rains (MAM),961.2,23.9,46,4,4,"NASA POWER (real, MEASURED-tier reanalysis)"
Kitui,2020,Short Rains (OND),1017.9,24.0,36,4,4,"NASA POWER (real, MEASURED-tier reanalysis)"
Kitui,2021,Long Rains (MAM),691.3,24.4,48,3,4,"NASA POWER (real, MEASURED-tier reanalysis)"
Kitui,2021,Short Rains (OND),1050.7,24.2,68,3,4,"NASA POWER (real, MEASURED-tier reanalysis)"
Kitui,2022,Long Rains (MAM),461.8,25.1,62,5,4,"NASA POWER (real, MEASURED-tier reanalysis)"
Kitui,2022,Short Rains (OND),824.2,23.7,120,5,4,"NASA POWER (real, MEASURED-tier reanalysis)"
Kitui,2023,Long Rains (MAM),1127.0,24.1,44,4,4,"NASA POWER (real, MEASURED-tier reanalysis)"
Kitui,2023,Short Rains (OND),1585.0,23.6,18,1,4,"NASA POWER (real, MEASURED-tier reanalysis)"
Kitui,2024,Long Rains (MAM),1045.6,24.6,25,4,4,"NASA POWER (real, MEASURED-tier reanalysis)"
Kitui,2024,Short Rains (OND),926.6,24.8,51,6,4,"NASA POWER (real, MEASURED-tier reanalysis)"
Kwale,2015,Long Rains (MAM),2150.4,27.4,60,3,4,"NASA POWER (real, MEASURED-tier reanalysis)"
Kwale,2015,Short Rains (OND),1228.4,27.4,52,1,4,"NASA POWER (real, MEASURED-tier reanalysis)"
Kwale,2016,Long Rains (MAM),1418.9,28.0,88,5,4,"NASA POWER (real, MEASURED-tier reanalysis)"
Kwale,2016,Short Rains (OND),449.0,27.3,144,9,4,"NASA POWER (real, MEASURED-tier reanalysis)"
Kwale,2017,Long Rains (MAM),2137.7,27.8,64,5,4,"NASA POWER (real, MEASURED-tier reanalysis)"
Kwale,2017,Short Rains (OND),1032.2,27.3,80,4,4,"NASA POWER (real, MEASURED-tier reanalysis)"
Kwale,2018,Long Rains (MAM),2779.6,27.0,20,1,4,"NASA POWER (real, MEASURED-tier reanalysis)"
Kwale,2018,Short Rains (OND),1157.4,26.9,44,1,4,"NASA POWER (real, MEASURED-tier reanalysis)"
Kwale,2019,Long Rains (MAM),1896.9,28.2,108,10,4,"NASA POWER (real, MEASURED-tier reanalysis)"
Kwale,2019,Short Rains (OND),2567.9,26.7,8,1,4,"NASA POWER (real, MEASURED-tier reanalysis)"
Kwale,2020,Long Rains (MAM),2121.9,27.2,20,1,4,"NASA POWER (real, MEASURED-tier reanalysis)"
Kwale,2020,Short Rains (OND),923.4,27.4,28,6,4,"NASA POWER (real, MEASURED-tier reanalysis)"
Kwale,2021,Long Rains (MAM),1452.8,27.3,64,3,4,"NASA POWER (real, MEASURED-tier reanalysis)"
Kwale,2021,Short Rains (OND),859.7,27.4,84,9,4,"NASA POWER (real, MEASURED-tier reanalysis)"
Kwale,2022,Long Rains (MAM),1027.2,27.9,88,5,4,"NASA POWER (real, MEASURED-tier reanalysis)"
Kwale,2022,Short Rains (OND),581.1,26.4,56,6,4,"NASA POWER (real, MEASURED-tier reanalysis)"
Kwale,2023,Long Rains (MAM),3620.6,27.3,68,4,4,"NASA POWER (real, MEASURED-tier reanalysis)"
Kwale,2023,Short Rains (OND),2338.4,27.0,24,1,4,"NASA POWER (real, MEASURED-tier reanalysis)"
Kwale,2024,Long Rains (MAM),1881.0,27.4,40,3,4,"NASA POWER (real, MEASURED-tier reanalysis)"
Kwale,2024,Short Rains (OND),1121.6,27.7,48,2,4,"NASA POWER (real, MEASURED-tier reanalysis)"
Laikipia,2015,Long Rains (MAM),518.1,21.8,39,5,2,"NASA POWER (real, MEASURED-tier reanalysis)"
Laikipia,2015,Short Rains (OND),618.1,21.2,9,5,2,"NASA POWER (real, MEASURED-tier reanalysis)"
Laikipia,2016,Long Rains (MAM),532.6,22.4,15,1,2,"NASA POWER (real, MEASURED-tier reanalysis)"
Laikipia,2016,Short Rains (OND),240.1,21.4,30,7,2,"NASA POWER (real, MEASURED-tier reanalysis)"
Laikipia,2017,Long Rains (MAM),496.6,22.4,16,7,2,"NASA POWER (real, MEASURED-tier reanalysis)"
Laikipia,2017,Short Rains (OND),503.6,20.5,24,2,2,"NASA POWER (real, MEASURED-tier reanalysis)"
Laikipia,2018,Long Rains (MAM),1329.1,20.2,10,1,2,"NASA POWER (real, MEASURED-tier reanalysis)"
Laikipia,2018,Short Rains (OND),317.7,21.2,12,5,2,"NASA POWER (real, MEASURED-tier reanalysis)"
Laikipia,2019,Long Rains (MAM),364.5,23.1,36,8,2,"NASA POWER (real, MEASURED-tier reanalysis)"
Laikipia,2019,Short Rains (OND),807.1,20.5,10,2,2,"NASA POWER (real, MEASURED-tier reanalysis)"
Laikipia,2020,Long Rains (MAM),927.3,21.1,9,4,2,"NASA POWER (real, MEASURED-tier reanalysis)"
Laikipia,2020,Short Rains (OND),674.6,20.7,12,2,2,"NASA POWER (real, MEASURED-tier reanalysis)"
Laikipia,2021,Long Rains (MAM),459.0,21.8,30,6,2,"NASA POWER (real, MEASURED-tier reanalysis)"
Laikipia,2021,Short Rains (OND),360.6,21.4,14,9,2,"NASA POWER (real, MEASURED-tier reanalysis)"
Laikipia,2022,Long Rains (MAM),450.1,22.1,33,1,2,"NASA POWER (real, MEASURED-tier reanalysis)"
Laikipia,2022,Short Rains (OND),329.0,20.8,18,5,2,"NASA POWER (real, MEASURED-tier reanalysis)"
Laikipia,2023,Long Rains (MAM),605.7,21.7,13,4,2,"NASA POWER (real, MEASURED-tier reanalysis)"
Laikipia,2023,Short Rains (OND),679.0,20.8,22,2,2,"NASA POWER (real, MEASURED-tier reanalysis)"
Laikipia,2024,Long Rains (MAM),940.9,21.6,26,4,2,"NASA POWER (real, MEASURED-tier reanalysis)"
Laikipia,2024,Short Rains (OND),479.5,21.3,18,3,2,"NASA POWER (real, MEASURED-tier reanalysis)"
Lamu,2015,Long Rains (MAM),358.5,28.2,19,9,1,"NASA POWER (real, MEASURED-tier reanalysis)"
Lamu,2015,Short Rains (OND),247.1,28.0,11,5,1,"NASA POWER (real, MEASURED-tier reanalysis)"
Lamu,2016,Long Rains (MAM),293.6,28.7,33,8,1,"NASA POWER (real, MEASURED-tier reanalysis)"
Lamu,2016,Short Rains (OND),65.1,27.6,32,3,1,"NASA POWER (real, MEASURED-tier reanalysis)"
Lamu,2017,Long Rains (MAM),390.5,28.4,34,7,1,"NASA POWER (real, MEASURED-tier reanalysis)"
Lamu,2017,Short Rains (OND),130.6,27.7,23,5,1,"NASA POWER (real, MEASURED-tier reanalysis)"
Lamu,2018,Long Rains (MAM),798.3,27.6,6,1,1,"NASA POWER (real, MEASURED-tier reanalysis)"
Lamu,2018,Short Rains (OND),153.4,27.6,15,3,1,"NASA POWER (real, MEASURED-tier reanalysis)"
Lamu,2019,Long Rains (MAM),469.2,28.7,31,5,1,"NASA POWER (real, MEASURED-tier reanalysis)"
Lamu,2019,Short Rains (OND),638.5,27.3,9,1,1,"NASA POWER (real, MEASURED-tier reanalysis)"
Lamu,2020,Long Rains (MAM),532.7,28.2,6,4,1,"NASA POWER (real, MEASURED-tier reanalysis)"
Lamu,2020,Short Rains (OND),174.3,27.9,18,6,1,"NASA POWER (real, MEASURED-tier reanalysis)"
Lamu,2021,Long Rains (MAM),415.9,27.7,20,3,1,"NASA POWER (real, MEASURED-tier reanalysis)"
Lamu,2021,Short Rains (OND),167.2,27.8,20,9,1,"NASA POWER (real, MEASURED-tier reanalysis)"
Lamu,2022,Long Rains (MAM),324.1,28.3,22,7,1,"NASA POWER (real, MEASURED-tier reanalysis)"
Lamu,2022,Short Rains (OND),188.0,27.1,15,5,1,"NASA POWER (real, MEASURED-tier reanalysis)"
Lamu,2023,Long Rains (MAM),615.5,27.8,19,4,1,"NASA POWER (real, MEASURED-tier reanalysis)"
Lamu,2023,Short Rains (OND),592.1,27.6,10,1,1,"NASA POWER (real, MEASURED-tier reanalysis)"
Lamu,2024,Long Rains (MAM),447.0,28.8,9,5,1,"NASA POWER (real, MEASURED-tier reanalysis)"
Lamu,2024,Short Rains (OND),200.6,28.2,10,7,1,"NASA POWER (real, MEASURED-tier reanalysis)"
Machakos,2015,Long Rains (MAM),787.1,21.8,76,5,4,"NASA POWER (real, MEASURED-tier reanalysis)"
Machakos,2015,Short Rains (OND),1021.8,21.7,14,5,4,"NASA POWER (real, MEASURED-tier reanalysis)"
Machakos,2016,Long Rains (MAM),743.6,22.3,57,2,4,"NASA POWER (real, MEASURED-tier reanalysis)"
Machakos,2016,Short Rains (OND),609.6,21.6,92,5,4,"NASA POWER (real, MEASURED-tier reanalysis)"
Machakos,2017,Long Rains (MAM),709.0,22.3,64,6,4,"NASA POWER (real, MEASURED-tier reanalysis)"
Machakos,2017,Short Rains (OND),643.9,21.7,50,6,4,"NASA POWER (real, MEASURED-tier reanalysis)"
Machakos,2018,Long Rains (MAM),2310.5,19.7,12,1,4,"NASA POWER (real, MEASURED-tier reanalysis)"
Machakos,2018,Short Rains (OND),830.4,21.4,35,3,4,"NASA POWER (real, MEASURED-tier reanalysis)"
Machakos,2019,Long Rains (MAM),438.0,23.1,84,8,4,"NASA POWER (real, MEASURED-tier reanalysis)"
Machakos,2019,Short Rains (OND),1672.7,20.8,13,2,4,"NASA POWER (real, MEASURED-tier reanalysis)"
Machakos,2020,Long Rains (MAM),1573.9,20.8,36,1,4,"NASA POWER (real, MEASURED-tier reanalysis)"
Machakos,2020,Short Rains (OND),953.9,21.4,36,4,4,"NASA POWER (real, MEASURED-tier reanalysis)"
Machakos,2021,Long Rains (MAM),834.3,21.6,43,5,4,"NASA POWER (real, MEASURED-tier reanalysis)"
Machakos,2021,Short Rains (OND),741.9,21.9,43,9,4,"NASA POWER (real, MEASURED-tier reanalysis)"
Machakos,2022,Long Rains (MAM),429.6,22.4,71,5,4,"NASA POWER (real, MEASURED-tier reanalysis)"
Machakos,2022,Short Rains (OND),514.8,21.4,120,7,4,"NASA POWER (real, MEASURED-tier reanalysis)"
Machakos,2023,Long Rains (MAM),928.4,21.6,44,4,4,"NASA POWER (real, MEASURED-tier reanalysis)"
Machakos,2023,Short Rains (OND),1367.6,21.2,19,3,4,"NASA POWER (real, MEASURED-tier reanalysis)"
Machakos,2024,Long Rains (MAM),1419.9,21.5,21,4,4,"NASA POWER (real, MEASURED-tier reanalysis)"
Machakos,2024,Short Rains (OND),927.4,22.2,46,7,4,"NASA POWER (real, MEASURED-tier reanalysis)"
Makueni,2015,Long Rains (MAM),523.3,24.1,57,4,3,"NASA POWER (real, MEASURED-tier reanalysis)"
Makueni,2015,Short Rains (OND),830.9,23.8,21,5,3,"NASA POWER (real, MEASURED-tier reanalysis)"
Makueni,2016,Long Rains (MAM),474.4,24.6,57,5,3,"NASA POWER (real, MEASURED-tier reanalysis)"
Makueni,2016,Short Rains (OND),518.6,23.7,69,5,3,"NASA POWER (real, MEASURED-tier reanalysis)"
Makueni,2017,Long Rains (MAM),521.7,24.5,51,6,3,"NASA POWER (real, MEASURED-tier reanalysis)"
Makueni,2017,Short Rains (OND),552.4,23.7,37,3,3,"NASA POWER (real, MEASURED-tier reanalysis)"
Makueni,2018,Long Rains (MAM),1381.0,22.4,13,1,3,"NASA POWER (real, MEASURED-tier reanalysis)"
Makueni,2018,Short Rains (OND),561.3,23.6,34,4,3,"NASA POWER (real, MEASURED-tier reanalysis)"
Makueni,2019,Long Rains (MAM),312.0,25.2,65,8,3,"NASA POWER (real, MEASURED-tier reanalysis)"
Makueni,2019,Short Rains (OND),1463.7,22.8,9,1,3,"NASA POWER (real, MEASURED-tier reanalysis)"
Makueni,2020,Long Rains (MAM),711.9,23.4,33,1,3,"NASA POWER (real, MEASURED-tier reanalysis)"
Makueni,2020,Short Rains (OND),739.2,23.6,27,4,3,"NASA POWER (real, MEASURED-tier reanalysis)"
Makueni,2021,Long Rains (MAM),502.1,23.9,37,3,3,"NASA POWER (real, MEASURED-tier reanalysis)"
Makueni,2021,Short Rains (OND),681.5,23.7,48,3,3,"NASA POWER (real, MEASURED-tier reanalysis)"
Makueni,2022,Long Rains (MAM),333.9,24.5,64,5,3,"NASA POWER (real, MEASURED-tier reanalysis)"
Makueni,2022,Short Rains (OND),462.4,23.4,90,5,3,"NASA POWER (real, MEASURED-tier reanalysis)"
Makueni,2023,Long Rains (MAM),897.8,23.6,33,4,3,"NASA POWER (real, MEASURED-tier reanalysis)"
Makueni,2023,Short Rains (OND),1195.8,23.2,12,1,3,"NASA POWER (real, MEASURED-tier reanalysis)"
Makueni,2024,Long Rains (MAM),686.8,24.0,19,4,3,"NASA POWER (real, MEASURED-tier reanalysis)"
Makueni,2024,Short Rains (OND),705.6,24.3,41,6,3,"NASA POWER (real, MEASURED-tier reanalysis)"
Migori,2015,Long Rains (MAM),3178.1,23.2,93,4,5,"NASA POWER (real, MEASURED-tier reanalysis)"
Migori,2015,Short Rains (OND),4271.2,22.5,29,1,5,"NASA POWER (real, MEASURED-tier reanalysis)"
Migori,2016,Long Rains (MAM),2150.5,23.4,36,1,5,"NASA POWER (real, MEASURED-tier reanalysis)"
Migori,2016,Short Rains (OND),987.1,24.1,95,1,5,"NASA POWER (real, MEASURED-tier reanalysis)"
Migori,2017,Long Rains (MAM),2993.3,23.2,22,1,5,"NASA POWER (real, MEASURED-tier reanalysis)"
Migori,2017,Short Rains (OND),2151.5,23.1,52,2,5,"NASA POWER (real, MEASURED-tier reanalysis)"
Migori,2018,Long Rains (MAM),4602.1,21.1,8,1,5,"NASA POWER (real, MEASURED-tier reanalysis)"
Migori,2018,Short Rains (OND),2512.2,23.1,22,1,5,"NASA POWER (real, MEASURED-tier reanalysis)"
Migori,2019,Long Rains (MAM),2192.1,24.3,36,1,5,"NASA POWER (real, MEASURED-tier reanalysis)"
Migori,2019,Short Rains (OND),5427.5,21.9,15,1,5,"NASA POWER (real, MEASURED-tier reanalysis)"
Migori,2020,Long Rains (MAM),4017.2,21.8,10,1,5,"NASA POWER (real, MEASURED-tier reanalysis)"
Migori,2020,Short Rains (OND),3961.9,22.5,20,2,5,"NASA POWER (real, MEASURED-tier reanalysis)"
Migori,2021,Long Rains (MAM),3649.2,22.5,33,3,5,"NASA POWER (real, MEASURED-tier reanalysis)"
Migori,2021,Short Rains (OND),2776.6,23.2,17,1,5,"NASA POWER (real, MEASURED-tier reanalysis)"
Migori,2022,Long Rains (MAM),2776.0,23.0,28,4,5,"NASA POWER (real, MEASURED-tier reanalysis)"
Migori,2022,Short Rains (OND),1805.7,23.1,24,3,5,"NASA POWER (real, MEASURED-tier reanalysis)"
Migori,2023,Long Rains (MAM),4777.9,22.1,25,1,5,"NASA POWER (real, MEASURED-tier reanalysis)"
Migori,2023,Short Rains (OND),4123.7,23.3,12,1,5,"NASA POWER (real, MEASURED-tier reanalysis)"
Migori,2024,Long Rains (MAM),4345.6,23.1,60,1,5,"NASA POWER (real, MEASURED-tier reanalysis)"
Migori,2024,Short Rains (OND),3309.8,23.3,21,1,5,"NASA POWER (real, MEASURED-tier reanalysis)"
Mombasa,2015,Long Rains (MAM),1037.4,27.3,35,3,2,"NASA POWER (real, MEASURED-tier reanalysis)"
Mombasa,2015,Short Rains (OND),671.0,27.2,28,1,2,"NASA POWER (real, MEASURED-tier reanalysis)"
Mombasa,2016,Long Rains (MAM),725.6,27.8,44,6,2,"NASA POWER (real, MEASURED-tier reanalysis)"
Mombasa,2016,Short Rains (OND),229.4,27.0,68,9,2,"NASA POWER (real, MEASURED-tier reanalysis)"
Mombasa,2017,Long Rains (MAM),1033.0,27.7,42,6,2,"NASA POWER (real, MEASURED-tier reanalysis)"
Mombasa,2017,Short Rains (OND),518.9,27.0,40,4,2,"NASA POWER (real, MEASURED-tier reanalysis)"
Mombasa,2018,Long Rains (MAM),1470.6,26.9,10,1,2,"NASA POWER (real, MEASURED-tier reanalysis)"
Mombasa,2018,Short Rains (OND),634.2,26.6,24,1,2,"NASA POWER (real, MEASURED-tier reanalysis)"
Mombasa,2019,Long Rains (MAM),1102.9,28.1,56,5,2,"NASA POWER (real, MEASURED-tier reanalysis)"
Mombasa,2019,Short Rains (OND),1356.8,26.6,8,1,2,"NASA POWER (real, MEASURED-tier reanalysis)"
Mombasa,2020,Long Rains (MAM),961.7,27.2,18,2,2,"NASA POWER (real, MEASURED-tier reanalysis)"
Mombasa,2020,Short Rains (OND),463.2,27.1,18,5,2,"NASA POWER (real, MEASURED-tier reanalysis)"
Mombasa,2021,Long Rains (MAM),725.8,27.1,32,3,2,"NASA POWER (real, MEASURED-tier reanalysis)"
Mombasa,2021,Short Rains (OND),412.9,27.2,46,9,2,"NASA POWER (real, MEASURED-tier reanalysis)"
Mombasa,2022,Long Rains (MAM),522.8,27.7,54,5,2,"NASA POWER (real, MEASURED-tier reanalysis)"
Mombasa,2022,Short Rains (OND),322.9,26.3,28,6,2,"NASA POWER (real, MEASURED-tier reanalysis)"
Mombasa,2023,Long Rains (MAM),1746.9,27.2,34,7,2,"NASA POWER (real, MEASURED-tier reanalysis)"
Mombasa,2023,Short Rains (OND),1211.2,26.9,12,1,2,"NASA POWER (real, MEASURED-tier reanalysis)"
Mombasa,2024,Long Rains (MAM),934.3,27.5,20,3,2,"NASA POWER (real, MEASURED-tier reanalysis)"
Mombasa,2024,Short Rains (OND),562.6,27.5,24,2,2,"NASA POWER (real, MEASURED-tier reanalysis)"
Murang'a,2015,Long Rains (MAM),613.0,17.1,17,3,1,"NASA POWER (real, MEASURED-tier reanalysis)"
Murang'a,2015,Short Rains (OND),609.6,16.6,4,3,1,"NASA POWER (real, MEASURED-tier reanalysis)"
Murang'a,2016,Long Rains (MAM),532.9,17.3,11,1,1,"NASA POWER (real, MEASURED-tier reanalysis)"
Murang'a,2016,Short Rains (OND),339.4,16.4,12,7,1,"NASA POWER (real, MEASURED-tier reanalysis)"
Murang'a,2017,Long Rains (MAM),435.0,17.5,7,5,1,"NASA POWER (real, MEASURED-tier reanalysis)"
Murang'a,2017,Short Rains (OND),480.5,16.1,12,1,1,"NASA POWER (real, MEASURED-tier reanalysis)"
Murang'a,2018,Long Rains (MAM),1212.0,15.9,2,1,1,"NASA POWER (real, MEASURED-tier reanalysis)"
Murang'a,2018,Short Rains (OND),342.8,15.9,4,4,1,"NASA POWER (real, MEASURED-tier reanalysis)"
Murang'a,2019,Long Rains (MAM),205.7,18.0,18,8,1,"NASA POWER (real, MEASURED-tier reanalysis)"
Murang'a,2019,Short Rains (OND),844.5,16.4,2,1,1,"NASA POWER (real, MEASURED-tier reanalysis)"
Murang'a,2020,Long Rains (MAM),652.8,16.7,3,4,1,"NASA POWER (real, MEASURED-tier reanalysis)"
Murang'a,2020,Short Rains (OND),454.1,16.0,6,3,1,"NASA POWER (real, MEASURED-tier reanalysis)"
Murang'a,2021,Long Rains (MAM),478.7,16.5,12,3,1,"NASA POWER (real, MEASURED-tier reanalysis)"
Murang'a,2021,Short Rains (OND),396.1,16.7,4,3,1,"NASA POWER (real, MEASURED-tier reanalysis)"
Murang'a,2022,Long Rains (MAM),500.2,17.2,13,1,1,"NASA POWER (real, MEASURED-tier reanalysis)"
Murang'a,2022,Short Rains (OND),333.4,15.8,10,5,1,"NASA POWER (real, MEASURED-tier reanalysis)"
Murang'a,2023,Long Rains (MAM),676.5,16.6,3,3,1,"NASA POWER (real, MEASURED-tier reanalysis)"
Murang'a,2023,Short Rains (OND),753.6,16.5,5,1,1,"NASA POWER (real, MEASURED-tier reanalysis)"
Murang'a,2024,Long Rains (MAM),1023.7,17.1,5,4,1,"NASA POWER (real, MEASURED-tier reanalysis)"
Murang'a,2024,Short Rains (OND),462.6,16.4,7,5,1,"NASA POWER (real, MEASURED-tier reanalysis)"
Nairobi,2015,Long Rains (MAM),591.6,20.9,76,7,4,"NASA POWER (real, MEASURED-tier reanalysis)"
Nairobi,2015,Short Rains (OND),817.3,20.8,28,6,4,"NASA POWER (real, MEASURED-tier reanalysis)"
Nairobi,2016,Long Rains (MAM),602.1,21.4,76,1,4,"NASA POWER (real, MEASURED-tier reanalysis)"
Nairobi,2016,Short Rains (OND),526.0,20.6,92,5,4,"NASA POWER (real, MEASURED-tier reanalysis)"
Nairobi,2017,Long Rains (MAM),572.1,21.4,64,9,4,"NASA POWER (real, MEASURED-tier reanalysis)"
Nairobi,2017,Short Rains (OND),449.9,20.8,88,6,4,"NASA POWER (real, MEASURED-tier reanalysis)"
Nairobi,2018,Long Rains (MAM),2003.0,18.7,12,1,4,"NASA POWER (real, MEASURED-tier reanalysis)"
Nairobi,2018,Short Rains (OND),651.0,20.6,36,5,4,"NASA POWER (real, MEASURED-tier reanalysis)"
Nairobi,2019,Long Rains (MAM),367.4,22.2,96,8,4,"NASA POWER (real, MEASURED-tier reanalysis)"
Nairobi,2019,Short Rains (OND),1272.9,19.9,24,2,4,"NASA POWER (real, MEASURED-tier reanalysis)"
Nairobi,2020,Long Rains (MAM),1410.9,19.9,64,1,4,"NASA POWER (real, MEASURED-tier reanalysis)"
Nairobi,2020,Short Rains (OND),786.6,20.5,36,4,4,"NASA POWER (real, MEASURED-tier reanalysis)"
Nairobi,2021,Long Rains (MAM),739.9,20.7,68,5,4,"NASA POWER (real, MEASURED-tier reanalysis)"
Nairobi,2021,Short Rains (OND),571.3,20.9,68,9,4,"NASA POWER (real, MEASURED-tier reanalysis)"
Nairobi,2022,Long Rains (MAM),376.0,21.6,100,5,4,"NASA POWER (real, MEASURED-tier reanalysis)"
Nairobi,2022,Short Rains (OND),415.6,20.5,120,7,4,"NASA POWER (real, MEASURED-tier reanalysis)"
Nairobi,2023,Long Rains (MAM),686.9,20.7,52,4,4,"NASA POWER (real, MEASURED-tier reanalysis)"
Nairobi,2023,Short Rains (OND),926.7,20.5,32,3,4,"NASA POWER (real, MEASURED-tier reanalysis)"
Nairobi,2024,Long Rains (MAM),1389.9,20.5,48,4,4,"NASA POWER (real, MEASURED-tier reanalysis)"
Nairobi,2024,Short Rains (OND),632.0,21.3,64,7,4,"NASA POWER (real, MEASURED-tier reanalysis)"
Nakuru,2015,Long Rains (MAM),1720.8,16.5,48,4,3,"NASA POWER (real, MEASURED-tier reanalysis)"
Nakuru,2015,Short Rains (OND),1970.7,15.9,9,1,3,"NASA POWER (real, MEASURED-tier reanalysis)"
Nakuru,2016,Long Rains (MAM),1562.2,16.7,21,1,3,"NASA POWER (real, MEASURED-tier reanalysis)"
Nakuru,2016,Short Rains (OND),776.5,15.6,30,1,3,"NASA POWER (real, MEASURED-tier reanalysis)"
Nakuru,2017,Long Rains (MAM),1290.4,17.0,29,4,3,"NASA POWER (real, MEASURED-tier reanalysis)"
Nakuru,2017,Short Rains (OND),1301.0,15.4,36,2,3,"NASA POWER (real, MEASURED-tier reanalysis)"
Nakuru,2018,Long Rains (MAM),3475.9,15.3,4,1,3,"NASA POWER (real, MEASURED-tier reanalysis)"
Nakuru,2018,Short Rains (OND),1046.9,15.3,15,1,3,"NASA POWER (real, MEASURED-tier reanalysis)"
Nakuru,2019,Long Rains (MAM),973.3,17.0,54,1,3,"NASA POWER (real, MEASURED-tier reanalysis)"
Nakuru,2019,Short Rains (OND),2862.7,15.6,10,1,3,"NASA POWER (real, MEASURED-tier reanalysis)"
Nakuru,2020,Long Rains (MAM),2558.2,15.9,6,1,3,"NASA POWER (real, MEASURED-tier reanalysis)"
Nakuru,2020,Short Rains (OND),1343.6,15.0,15,2,3,"NASA POWER (real, MEASURED-tier reanalysis)"
Nakuru,2021,Long Rains (MAM),1712.5,15.7,26,3,3,"NASA POWER (real, MEASURED-tier reanalysis)"
Nakuru,2021,Short Rains (OND),1076.5,15.6,12,1,3,"NASA POWER (real, MEASURED-tier reanalysis)"
Nakuru,2022,Long Rains (MAM),1086.3,16.4,37,1,3,"NASA POWER (real, MEASURED-tier reanalysis)"
Nakuru,2022,Short Rains (OND),972.1,15.4,24,1,3,"NASA POWER (real, MEASURED-tier reanalysis)"
Nakuru,2023,Long Rains (MAM),2003.2,16.3,15,2,3,"NASA POWER (real, MEASURED-tier reanalysis)"
Nakuru,2023,Short Rains (OND),2343.1,15.9,15,1,3,"NASA POWER (real, MEASURED-tier reanalysis)"
Nakuru,2024,Long Rains (MAM),3348.0,16.4,21,1,3,"NASA POWER (real, MEASURED-tier reanalysis)"
Nakuru,2024,Short Rains (OND),1670.9,15.4,22,3,3,"NASA POWER (real, MEASURED-tier reanalysis)"
Nandi,2015,Long Rains (MAM),896.2,21.3,19,4,1,"NASA POWER (real, MEASURED-tier reanalysis)"
Nandi,2015,Short Rains (OND),1033.8,20.3,3,1,1,"NASA POWER (real, MEASURED-tier reanalysis)"
Nandi,2016,Long Rains (MAM),766.7,21.2,7,1,1,"NASA POWER (real, MEASURED-tier reanalysis)"
Nandi,2016,Short Rains (OND),270.2,20.6,14,1,1,"NASA POWER (real, MEASURED-tier reanalysis)"
Nandi,2017,Long Rains (MAM),766.5,21.5,4,2,1,"NASA POWER (real, MEASURED-tier reanalysis)"
Nandi,2017,Short Rains (OND),649.9,20.1,12,2,1,"NASA POWER (real, MEASURED-tier reanalysis)"
Nandi,2018,Long Rains (MAM),1365.4,19.7,1,1,1,"NASA POWER (real, MEASURED-tier reanalysis)"
Nandi,2018,Short Rains (OND),502.5,20.5,6,1,1,"NASA POWER (real, MEASURED-tier reanalysis)"
Nandi,2019,Long Rains (MAM),590.8,22.2,16,1,1,"NASA POWER (real, MEASURED-tier reanalysis)"
Nandi,2019,Short Rains (OND),1345.2,20.0,3,1,1,"NASA POWER (real, MEASURED-tier reanalysis)"
Nandi,2020,Long Rains (MAM),1198.2,20.5,2,1,1,"NASA POWER (real, MEASURED-tier reanalysis)"
Nandi,2020,Short Rains (OND),734.3,20.1,6,2,1,"NASA POWER (real, MEASURED-tier reanalysis)"
Nandi,2021,Long Rains (MAM),804.8,20.8,8,3,1,"NASA POWER (real, MEASURED-tier reanalysis)"
Nandi,2021,Short Rains (OND),495.2,20.7,4,1,1,"NASA POWER (real, MEASURED-tier reanalysis)"
Nandi,2022,Long Rains (MAM),655.6,21.3,10,4,1,"NASA POWER (real, MEASURED-tier reanalysis)"
Nandi,2022,Short Rains (OND),468.8,20.3,7,1,1,"NASA POWER (real, MEASURED-tier reanalysis)"
Nandi,2023,Long Rains (MAM),1241.7,20.7,6,2,1,"NASA POWER (real, MEASURED-tier reanalysis)"
Nandi,2023,Short Rains (OND),1094.7,20.7,5,2,1,"NASA POWER (real, MEASURED-tier reanalysis)"
Nandi,2024,Long Rains (MAM),1123.1,21.3,12,1,1,"NASA POWER (real, MEASURED-tier reanalysis)"
Nandi,2024,Short Rains (OND),767.9,20.4,5,1,1,"NASA POWER (real, MEASURED-tier reanalysis)"
Narok,2015,Long Rains (MAM),7429.2,20.4,363,4,20,"NASA POWER (real, MEASURED-tier reanalysis)"
Narok,2015,Short Rains (OND),9175.5,20.3,60,1,20,"NASA POWER (real, MEASURED-tier reanalysis)"
Narok,2016,Long Rains (MAM),7875.9,20.4,148,1,20,"NASA POWER (real, MEASURED-tier reanalysis)"
Narok,2016,Short Rains (OND),2660.2,20.8,401,1,20,"NASA POWER (real, MEASURED-tier reanalysis)"
Narok,2017,Long Rains (MAM),5558.0,21.0,100,1,20,"NASA POWER (real, MEASURED-tier reanalysis)"
Narok,2017,Short Rains (OND),5264.0,20.4,222,2,20,"NASA POWER (real, MEASURED-tier reanalysis)"
Narok,2018,Long Rains (MAM),15040.4,18.4,36,1,20,"NASA POWER (real, MEASURED-tier reanalysis)"
Narok,2018,Short Rains (OND),6117.5,20.2,100,2,20,"NASA POWER (real, MEASURED-tier reanalysis)"
Narok,2019,Long Rains (MAM),4925.9,21.8,281,1,20,"NASA POWER (real, MEASURED-tier reanalysis)"
Narok,2019,Short Rains (OND),15479.4,19.5,29,1,20,"NASA POWER (real, MEASURED-tier reanalysis)"
Narok,2020,Long Rains (MAM),13110.0,18.8,56,1,20,"NASA POWER (real, MEASURED-tier reanalysis)"
Narok,2020,Short Rains (OND),9851.6,19.4,105,3,20,"NASA POWER (real, MEASURED-tier reanalysis)"
Narok,2021,Long Rains (MAM),7609.0,19.8,187,1,20,"NASA POWER (real, MEASURED-tier reanalysis)"
Narok,2021,Short Rains (OND),4232.7,20.8,81,2,20,"NASA POWER (real, MEASURED-tier reanalysis)"
Narok,2022,Long Rains (MAM),5609.1,20.8,280,1,20,"NASA POWER (real, MEASURED-tier reanalysis)"
Narok,2022,Short Rains (OND),3982.9,20.5,128,5,20,"NASA POWER (real, MEASURED-tier reanalysis)"
Narok,2023,Long Rains (MAM),9804.6,19.9,81,2,20,"NASA POWER (real, MEASURED-tier reanalysis)"
Narok,2023,Short Rains (OND),8260.0,20.6,49,1,20,"NASA POWER (real, MEASURED-tier reanalysis)"
Narok,2024,Long Rains (MAM),13968.7,19.7,60,1,20,"NASA POWER (real, MEASURED-tier reanalysis)"
Narok,2024,Short Rains (OND),6612.1,20.5,105,1,20,"NASA POWER (real, MEASURED-tier reanalysis)"
Nyamira,2015,Long Rains (MAM),782.4,21.1,19,4,1,"NASA POWER (real, MEASURED-tier reanalysis)"
Nyamira,2015,Short Rains (OND),1048.6,20.0,3,1,1,"NASA POWER (real, MEASURED-tier reanalysis)"
Nyamira,2016,Long Rains (MAM),655.9,21.0,7,1,1,"NASA POWER (real, MEASURED-tier reanalysis)"
Nyamira,2016,Short Rains (OND),281.5,20.6,14,1,1,"NASA POWER (real, MEASURED-tier reanalysis)"
Nyamira,2017,Long Rains (MAM),673.5,21.3,9,2,1,"NASA POWER (real, MEASURED-tier reanalysis)"
Nyamira,2017,Short Rains (OND),659.3,20.0,12,2,1,"NASA POWER (real, MEASURED-tier reanalysis)"
Nyamira,2018,Long Rains (MAM),1269.7,19.1,1,1,1,"NASA POWER (real, MEASURED-tier reanalysis)"
Nyamira,2018,Short Rains (OND),553.2,20.2,5,1,1,"NASA POWER (real, MEASURED-tier reanalysis)"
Nyamira,2019,Long Rains (MAM),517.4,21.9,18,1,1,"NASA POWER (real, MEASURED-tier reanalysis)"
Nyamira,2019,Short Rains (OND),1448.9,19.6,3,1,1,"NASA POWER (real, MEASURED-tier reanalysis)"
Nyamira,2020,Long Rains (MAM),1139.9,20.0,2,1,1,"NASA POWER (real, MEASURED-tier reanalysis)"
Nyamira,2020,Short Rains (OND),776.3,19.9,4,2,1,"NASA POWER (real, MEASURED-tier reanalysis)"
Nyamira,2021,Long Rains (MAM),856.6,20.3,10,3,1,"NASA POWER (real, MEASURED-tier reanalysis)"
Nyamira,2021,Short Rains (OND),564.7,20.5,4,1,1,"NASA POWER (real, MEASURED-tier reanalysis)"
Nyamira,2022,Long Rains (MAM),629.7,20.8,23,4,1,"NASA POWER (real, MEASURED-tier reanalysis)"
Nyamira,2022,Short Rains (OND),462.7,20.1,7,1,1,"NASA POWER (real, MEASURED-tier reanalysis)"
Nyamira,2023,Long Rains (MAM),1225.0,20.3,6,2,1,"NASA POWER (real, MEASURED-tier reanalysis)"
Nyamira,2023,Short Rains (OND),1183.6,20.4,3,2,1,"NASA POWER (real, MEASURED-tier reanalysis)"
Nyamira,2024,Long Rains (MAM),1314.6,20.8,7,1,1,"NASA POWER (real, MEASURED-tier reanalysis)"
Nyamira,2024,Short Rains (OND),864.5,20.2,4,1,1,"NASA POWER (real, MEASURED-tier reanalysis)"
Nyandarua,2015,Long Rains (MAM),2276.3,17.4,64,4,4,"NASA POWER (real, MEASURED-tier reanalysis)"
Nyandarua,2015,Short Rains (OND),2421.4,16.8,14,1,4,"NASA POWER (real, MEASURED-tier reanalysis)"
Nyandarua,2016,Long Rains (MAM),2051.1,17.6,25,1,4,"NASA POWER (real, MEASURED-tier reanalysis)"
Nyandarua,2016,Short Rains (OND),1147.4,16.7,44,4,4,"NASA POWER (real, MEASURED-tier reanalysis)"
Nyandarua,2017,Long Rains (MAM),1663.7,17.9,29,4,4,"NASA POWER (real, MEASURED-tier reanalysis)"
Nyandarua,2017,Short Rains (OND),1754.3,16.3,48,2,4,"NASA POWER (real, MEASURED-tier reanalysis)"
Nyandarua,2018,Long Rains (MAM),4625.6,16.2,5,1,4,"NASA POWER (real, MEASURED-tier reanalysis)"
Nyandarua,2018,Short Rains (OND),1321.6,16.2,16,1,4,"NASA POWER (real, MEASURED-tier reanalysis)"
Nyandarua,2019,Long Rains (MAM),1012.3,18.3,72,4,4,"NASA POWER (real, MEASURED-tier reanalysis)"
Nyandarua,2019,Short Rains (OND),3436.0,16.5,9,1,4,"NASA POWER (real, MEASURED-tier reanalysis)"
Nyandarua,2020,Long Rains (MAM),2891.8,16.8,8,1,4,"NASA POWER (real, MEASURED-tier reanalysis)"
Nyandarua,2020,Short Rains (OND),1740.8,16.0,20,2,4,"NASA POWER (real, MEASURED-tier reanalysis)"
Nyandarua,2021,Long Rains (MAM),2005.0,16.7,23,3,4,"NASA POWER (real, MEASURED-tier reanalysis)"
Nyandarua,2021,Short Rains (OND),1440.8,16.8,9,3,4,"NASA POWER (real, MEASURED-tier reanalysis)"
Nyandarua,2022,Long Rains (MAM),1666.4,17.5,40,1,4,"NASA POWER (real, MEASURED-tier reanalysis)"
Nyandarua,2022,Short Rains (OND),1265.6,16.2,21,1,4,"NASA POWER (real, MEASURED-tier reanalysis)"
Nyandarua,2023,Long Rains (MAM),2547.6,17.1,12,2,4,"NASA POWER (real, MEASURED-tier reanalysis)"
Nyandarua,2023,Short Rains (OND),2910.4,16.7,21,1,4,"NASA POWER (real, MEASURED-tier reanalysis)"
Nyandarua,2024,Long Rains (MAM),4138.0,17.3,13,1,4,"NASA POWER (real, MEASURED-tier reanalysis)"
Nyandarua,2024,Short Rains (OND),1964.4,16.5,26,3,4,"NASA POWER (real, MEASURED-tier reanalysis)"
Nyeri,2015,Long Rains (MAM),1681.4,18.4,51,4,3,"NASA POWER (real, MEASURED-tier reanalysis)"
Nyeri,2015,Short Rains (OND),1697.1,18.0,12,1,3,"NASA POWER (real, MEASURED-tier reanalysis)"
Nyeri,2016,Long Rains (MAM),1460.4,18.7,33,1,3,"NASA POWER (real, MEASURED-tier reanalysis)"
Nyeri,2016,Short Rains (OND),958.6,17.8,36,4,3,"NASA POWER (real, MEASURED-tier reanalysis)"
Nyeri,2017,Long Rains (MAM),1169.2,18.9,21,5,3,"NASA POWER (real, MEASURED-tier reanalysis)"
Nyeri,2017,Short Rains (OND),1309.4,17.6,36,2,3,"NASA POWER (real, MEASURED-tier reanalysis)"
Nyeri,2018,Long Rains (MAM),3425.3,17.2,6,1,3,"NASA POWER (real, MEASURED-tier reanalysis)"
Nyeri,2018,Short Rains (OND),1003.4,17.4,12,1,3,"NASA POWER (real, MEASURED-tier reanalysis)"
Nyeri,2019,Long Rains (MAM),578.2,19.6,54,4,3,"NASA POWER (real, MEASURED-tier reanalysis)"
Nyeri,2019,Short Rains (OND),2415.5,17.7,6,1,3,"NASA POWER (real, MEASURED-tier reanalysis)"
Nyeri,2020,Long Rains (MAM),1820.6,18.0,9,4,3,"NASA POWER (real, MEASURED-tier reanalysis)"
Nyeri,2020,Short Rains (OND),1279.7,17.4,18,2,3,"NASA POWER (real, MEASURED-tier reanalysis)"
Nyeri,2021,Long Rains (MAM),1331.2,18.0,36,3,3,"NASA POWER (real, MEASURED-tier reanalysis)"
Nyeri,2021,Short Rains (OND),1133.1,18.1,12,3,3,"NASA POWER (real, MEASURED-tier reanalysis)"
Nyeri,2022,Long Rains (MAM),1291.7,18.7,39,1,3,"NASA POWER (real, MEASURED-tier reanalysis)"
Nyeri,2022,Short Rains (OND),959.7,17.2,30,5,3,"NASA POWER (real, MEASURED-tier reanalysis)"
Nyeri,2023,Long Rains (MAM),1835.4,18.0,10,3,3,"NASA POWER (real, MEASURED-tier reanalysis)"
Nyeri,2023,Short Rains (OND),2111.0,17.8,15,1,3,"NASA POWER (real, MEASURED-tier reanalysis)"
Nyeri,2024,Long Rains (MAM),2860.7,18.4,15,1,3,"NASA POWER (real, MEASURED-tier reanalysis)"
Nyeri,2024,Short Rains (OND),1316.4,17.9,21,3,3,"NASA POWER (real, MEASURED-tier reanalysis)"
Other Kenya,2015,Long Rains (MAM),3943.2,20.3,166,4,10,"NASA POWER (real, MEASURED-tier reanalysis)"
Other Kenya,2015,Short Rains (OND),4678.4,19.8,31,1,10,"NASA POWER (real, MEASURED-tier reanalysis)"
Other Kenya,2016,Long Rains (MAM),3948.4,20.5,54,1,10,"NASA POWER (real, MEASURED-tier reanalysis)"
Other Kenya,2016,Short Rains (OND),2055.1,19.8,72,1,10,"NASA POWER (real, MEASURED-tier reanalysis)"
Other Kenya,2017,Long Rains (MAM),3331.4,20.7,72,1,10,"NASA POWER (real, MEASURED-tier reanalysis)"
Other Kenya,2017,Short Rains (OND),3329.0,19.4,120,2,10,"NASA POWER (real, MEASURED-tier reanalysis)"
Other Kenya,2018,Long Rains (MAM),8818.2,18.6,7,1,10,"NASA POWER (real, MEASURED-tier reanalysis)"
Other Kenya,2018,Short Rains (OND),2689.4,19.5,34,3,10,"NASA POWER (real, MEASURED-tier reanalysis)"
Other Kenya,2019,Long Rains (MAM),2144.5,21.5,175,1,10,"NASA POWER (real, MEASURED-tier reanalysis)"
Other Kenya,2019,Short Rains (OND),6671.9,19.2,27,1,10,"NASA POWER (real, MEASURED-tier reanalysis)"
Other Kenya,2020,Long Rains (MAM),5909.2,19.4,15,1,10,"NASA POWER (real, MEASURED-tier reanalysis)"
Other Kenya,2020,Short Rains (OND),4113.6,19.3,36,2,10,"NASA POWER (real, MEASURED-tier reanalysis)"
Other Kenya,2021,Long Rains (MAM),3714.0,19.8,70,3,10,"NASA POWER (real, MEASURED-tier reanalysis)"
Other Kenya,2021,Short Rains (OND),2932.2,19.9,12,3,10,"NASA POWER (real, MEASURED-tier reanalysis)"
Other Kenya,2022,Long Rains (MAM),4044.8,20.3,100,1,10,"NASA POWER (real, MEASURED-tier reanalysis)"
Other Kenya,2022,Short Rains (OND),2449.0,19.4,72,1,10,"NASA POWER (real, MEASURED-tier reanalysis)"
Other Kenya,2023,Long Rains (MAM),4906.8,20.0,32,3,10,"NASA POWER (real, MEASURED-tier reanalysis)"
Other Kenya,2023,Short Rains (OND),5391.3,19.5,41,1,10,"NASA POWER (real, MEASURED-tier reanalysis)"
Other Kenya,2024,Long Rains (MAM),7052.5,19.9,31,1,10,"NASA POWER (real, MEASURED-tier reanalysis)"
Other Kenya,2024,Short Rains (OND),3577.2,19.9,52,3,10,"NASA POWER (real, MEASURED-tier reanalysis)"
Siaya,2015,Long Rains (MAM),2235.4,23.4,55,4,3,"NASA POWER (real, MEASURED-tier reanalysis)"
Siaya,2015,Short Rains (OND),3207.8,22.4,15,1,3,"NASA POWER (real, MEASURED-tier reanalysis)"
Siaya,2016,Long Rains (MAM),1762.0,23.3,21,1,3,"NASA POWER (real, MEASURED-tier reanalysis)"
Siaya,2016,Short Rains (OND),777.2,23.3,54,1,3,"NASA POWER (real, MEASURED-tier reanalysis)"
Siaya,2017,Long Rains (MAM),2135.6,23.6,13,3,3,"NASA POWER (real, MEASURED-tier reanalysis)"
Siaya,2017,Short Rains (OND),1456.0,22.6,36,2,3,"NASA POWER (real, MEASURED-tier reanalysis)"
Siaya,2018,Long Rains (MAM),3035.3,21.5,6,1,3,"NASA POWER (real, MEASURED-tier reanalysis)"
Siaya,2018,Short Rains (OND),1706.7,22.6,27,1,3,"NASA POWER (real, MEASURED-tier reanalysis)"
Siaya,2019,Long Rains (MAM),1850.8,23.9,24,1,3,"NASA POWER (real, MEASURED-tier reanalysis)"
Siaya,2019,Short Rains (OND),3218.3,21.8,12,1,3,"NASA POWER (real, MEASURED-tier reanalysis)"
Siaya,2020,Long Rains (MAM),2919.1,22.3,6,1,3,"NASA POWER (real, MEASURED-tier reanalysis)"
Siaya,2020,Short Rains (OND),2302.7,22.3,15,1,3,"NASA POWER (real, MEASURED-tier reanalysis)"
Siaya,2021,Long Rains (MAM),1879.0,22.7,20,3,3,"NASA POWER (real, MEASURED-tier reanalysis)"
Siaya,2021,Short Rains (OND),1431.7,23.1,12,1,3,"NASA POWER (real, MEASURED-tier reanalysis)"
Siaya,2022,Long Rains (MAM),1861.8,23.6,15,1,3,"NASA POWER (real, MEASURED-tier reanalysis)"
Siaya,2022,Short Rains (OND),1403.0,22.6,27,1,3,"NASA POWER (real, MEASURED-tier reanalysis)"
Siaya,2023,Long Rains (MAM),3203.0,22.7,18,1,3,"NASA POWER (real, MEASURED-tier reanalysis)"
Siaya,2023,Short Rains (OND),2509.5,23.0,18,1,3,"NASA POWER (real, MEASURED-tier reanalysis)"
Siaya,2024,Long Rains (MAM),2205.8,23.6,37,1,3,"NASA POWER (real, MEASURED-tier reanalysis)"
Siaya,2024,Short Rains (OND),2193.8,22.7,24,1,3,"NASA POWER (real, MEASURED-tier reanalysis)"
Taita Taveta,2015,Long Rains (MAM),743.7,24.7,37,3,3,"NASA POWER (real, MEASURED-tier reanalysis)"
Taita Taveta,2015,Short Rains (OND),924.5,25.0,21,2,3,"NASA POWER (real, MEASURED-tier reanalysis)"
Taita Taveta,2016,Long Rains (MAM),715.6,25.2,55,5,3,"NASA POWER (real, MEASURED-tier reanalysis)"
Taita Taveta,2016,Short Rains (OND),432.2,25.1,84,7,3,"NASA POWER (real, MEASURED-tier reanalysis)"
Taita Taveta,2017,Long Rains (MAM),930.3,25.0,31,6,3,"NASA POWER (real, MEASURED-tier reanalysis)"
Taita Taveta,2017,Short Rains (OND),857.2,24.7,36,5,3,"NASA POWER (real, MEASURED-tier reanalysis)"
Taita Taveta,2018,Long Rains (MAM),1964.7,22.9,14,1,3,"NASA POWER (real, MEASURED-tier reanalysis)"
Taita Taveta,2018,Short Rains (OND),966.2,24.2,19,1,3,"NASA POWER (real, MEASURED-tier reanalysis)"
Taita Taveta,2019,Long Rains (MAM),607.2,25.7,63,10,3,"NASA POWER (real, MEASURED-tier reanalysis)"
Taita Taveta,2019,Short Rains (OND),1945.8,23.7,10,1,3,"NASA POWER (real, MEASURED-tier reanalysis)"
Taita Taveta,2020,Long Rains (MAM),1045.4,23.5,27,1,3,"NASA POWER (real, MEASURED-tier reanalysis)"
Taita Taveta,2020,Short Rains (OND),1057.4,24.6,29,6,3,"NASA POWER (real, MEASURED-tier reanalysis)"
Taita Taveta,2021,Long Rains (MAM),974.3,24.5,35,5,3,"NASA POWER (real, MEASURED-tier reanalysis)"
Taita Taveta,2021,Short Rains (OND),684.5,25.2,54,9,3,"NASA POWER (real, MEASURED-tier reanalysis)"
Taita Taveta,2022,Long Rains (MAM),466.2,25.2,58,5,3,"NASA POWER (real, MEASURED-tier reanalysis)"
Taita Taveta,2022,Short Rains (OND),480.5,24.0,88,7,3,"NASA POWER (real, MEASURED-tier reanalysis)"
Taita Taveta,2023,Long Rains (MAM),1341.8,24.6,43,6,3,"NASA POWER (real, MEASURED-tier reanalysis)"
Taita Taveta,2023,Short Rains (OND),1742.9,24.0,21,1,3,"NASA POWER (real, MEASURED-tier reanalysis)"
Taita Taveta,2024,Long Rains (MAM),815.8,24.0,34,2,3,"NASA POWER (real, MEASURED-tier reanalysis)"
Taita Taveta,2024,Short Rains (OND),1018.6,25.2,40,8,3,"NASA POWER (real, MEASURED-tier reanalysis)"
Tana River,2015,Long Rains (MAM),572.6,28.4,38,4,2,"NASA POWER (real, MEASURED-tier reanalysis)"
Tana River,2015,Short Rains (OND),575.2,28.3,11,2,2,"NASA POWER (real, MEASURED-tier reanalysis)"
Tana River,2016,Long Rains (MAM),408.2,29.2,46,7,2,"NASA POWER (real, MEASURED-tier reanalysis)"
Tana River,2016,Short Rains (OND),177.9,28.8,64,7,2,"NASA POWER (real, MEASURED-tier reanalysis)"
Tana River,2017,Long Rains (MAM),573.8,28.9,42,7,2,"NASA POWER (real, MEASURED-tier reanalysis)"
Tana River,2017,Short Rains (OND),314.8,28.8,44,5,2,"NASA POWER (real, MEASURED-tier reanalysis)"
Tana River,2018,Long Rains (MAM),1155.2,27.2,10,1,2,"NASA POWER (real, MEASURED-tier reanalysis)"
Tana River,2018,Short Rains (OND),311.4,28.5,30,3,2,"NASA POWER (real, MEASURED-tier reanalysis)"
Tana River,2019,Long Rains (MAM),612.3,29.3,61,5,2,"NASA POWER (real, MEASURED-tier reanalysis)"
Tana River,2019,Short Rains (OND),1080.2,26.9,7,1,2,"NASA POWER (real, MEASURED-tier reanalysis)"
Tana River,2020,Long Rains (MAM),670.5,27.7,15,4,2,"NASA POWER (real, MEASURED-tier reanalysis)"
Tana River,2020,Short Rains (OND),378.2,28.8,18,6,2,"NASA POWER (real, MEASURED-tier reanalysis)"
Tana River,2021,Long Rains (MAM),583.3,27.9,32,3,2,"NASA POWER (real, MEASURED-tier reanalysis)"
Tana River,2021,Short Rains (OND),363.6,28.6,36,9,2,"NASA POWER (real, MEASURED-tier reanalysis)"
Tana River,2022,Long Rains (MAM),617.3,28.8,44,8,2,"NASA POWER (real, MEASURED-tier reanalysis)"
Tana River,2022,Short Rains (OND),301.1,28.0,24,5,2,"NASA POWER (real, MEASURED-tier reanalysis)"
Tana River,2023,Long Rains (MAM),1174.6,27.7,40,4,2,"NASA POWER (real, MEASURED-tier reanalysis)"
Tana River,2023,Short Rains (OND),1074.2,27.4,16,1,2,"NASA POWER (real, MEASURED-tier reanalysis)"
Tana River,2024,Long Rains (MAM),663.8,28.4,18,5,2,"NASA POWER (real, MEASURED-tier reanalysis)"
Tana River,2024,Short Rains (OND),391.8,29.0,21,7,2,"NASA POWER (real, MEASURED-tier reanalysis)"
Tharaka Nithi,2015,Long Rains (MAM),979.3,22.4,53,4,3,"NASA POWER (real, MEASURED-tier reanalysis)"
Tharaka Nithi,2015,Short Rains (OND),1075.4,22.1,12,3,3,"NASA POWER (real, MEASURED-tier reanalysis)"
Tharaka Nithi,2016,Long Rains (MAM),823.1,22.9,33,1,3,"NASA POWER (real, MEASURED-tier reanalysis)"
Tharaka Nithi,2016,Short Rains (OND),705.2,22.0,36,5,3,"NASA POWER (real, MEASURED-tier reanalysis)"
Tharaka Nithi,2017,Long Rains (MAM),669.4,23.0,49,6,3,"NASA POWER (real, MEASURED-tier reanalysis)"
Tharaka Nithi,2017,Short Rains (OND),732.3,21.9,36,2,3,"NASA POWER (real, MEASURED-tier reanalysis)"
Tharaka Nithi,2018,Long Rains (MAM),2351.9,20.7,9,1,3,"NASA POWER (real, MEASURED-tier reanalysis)"
Tharaka Nithi,2018,Short Rains (OND),824.1,21.7,16,2,3,"NASA POWER (real, MEASURED-tier reanalysis)"
Tharaka Nithi,2019,Long Rains (MAM),403.8,23.7,54,8,3,"NASA POWER (real, MEASURED-tier reanalysis)"
Tharaka Nithi,2019,Short Rains (OND),1685.2,21.3,6,1,3,"NASA POWER (real, MEASURED-tier reanalysis)"
Tharaka Nithi,2020,Long Rains (MAM),1322.2,21.6,17,4,3,"NASA POWER (real, MEASURED-tier reanalysis)"
Tharaka Nithi,2020,Short Rains (OND),979.5,21.6,22,4,3,"NASA POWER (real, MEASURED-tier reanalysis)"
Tharaka Nithi,2021,Long Rains (MAM),849.4,22.1,40,3,3,"NASA POWER (real, MEASURED-tier reanalysis)"
Tharaka Nithi,2021,Short Rains (OND),837.8,22.1,12,3,3,"NASA POWER (real, MEASURED-tier reanalysis)"
Tharaka Nithi,2022,Long Rains (MAM),523.7,22.9,51,5,3,"NASA POWER (real, MEASURED-tier reanalysis)"
Tharaka Nithi,2022,Short Rains (OND),683.2,21.5,60,5,3,"NASA POWER (real, MEASURED-tier reanalysis)"
Tharaka Nithi,2023,Long Rains (MAM),1042.1,22.1,19,4,3,"NASA POWER (real, MEASURED-tier reanalysis)"
Tharaka Nithi,2023,Short Rains (OND),1414.6,21.6,15,3,3,"NASA POWER (real, MEASURED-tier reanalysis)"
Tharaka Nithi,2024,Long Rains (MAM),1714.2,22.1,21,4,3,"NASA POWER (real, MEASURED-tier reanalysis)"
Tharaka Nithi,2024,Short Rains (OND),912.1,22.4,23,6,3,"NASA POWER (real, MEASURED-tier reanalysis)"
Turkana,2015,Long Rains (MAM),250.5,29.3,70,10,3,"NASA POWER (real, MEASURED-tier reanalysis)"
Turkana,2015,Short Rains (OND),353.6,28.7,36,5,3,"NASA POWER (real, MEASURED-tier reanalysis)"
Turkana,2016,Long Rains (MAM),386.5,29.9,41,9,3,"NASA POWER (real, MEASURED-tier reanalysis)"
Turkana,2016,Short Rains (OND),73.5,29.1,87,3,3,"NASA POWER (real, MEASURED-tier reanalysis)"
Turkana,2017,Long Rains (MAM),265.9,30.3,75,9,3,"NASA POWER (real, MEASURED-tier reanalysis)"
Turkana,2017,Short Rains (OND),405.2,28.0,156,2,3,"NASA POWER (real, MEASURED-tier reanalysis)"
Turkana,2018,Long Rains (MAM),973.2,27.1,21,1,3,"NASA POWER (real, MEASURED-tier reanalysis)"
Turkana,2018,Short Rains (OND),184.4,29.1,32,10,3,"NASA POWER (real, MEASURED-tier reanalysis)"
Turkana,2019,Long Rains (MAM),191.4,30.6,66,8,3,"NASA POWER (real, MEASURED-tier reanalysis)"
Turkana,2019,Short Rains (OND),534.4,27.8,30,6,3,"NASA POWER (real, MEASURED-tier reanalysis)"
Turkana,2020,Long Rains (MAM),940.8,28.0,36,1,3,"NASA POWER (real, MEASURED-tier reanalysis)"
Turkana,2020,Short Rains (OND),1835.6,28.9,60,2,3,"NASA POWER (real, MEASURED-tier reanalysis)"
Turkana,2021,Long Rains (MAM),439.1,29.2,99,10,3,"NASA POWER (real, MEASURED-tier reanalysis)"
Turkana,2021,Short Rains (OND),95.5,29.3,66,10,3,"NASA POWER (real, MEASURED-tier reanalysis)"
Turkana,2022,Long Rains (MAM),109.4,30.0,67,3,3,"NASA POWER (real, MEASURED-tier reanalysis)"
Turkana,2022,Short Rains (OND),127.1,28.9,42,11,3,"NASA POWER (real, MEASURED-tier reanalysis)"
Turkana,2023,Long Rains (MAM),705.7,28.3,41,4,3,"NASA POWER (real, MEASURED-tier reanalysis)"
Turkana,2023,Short Rains (OND),442.9,28.4,89,5,3,"NASA POWER (real, MEASURED-tier reanalysis)"
Turkana,2024,Long Rains (MAM),839.3,28.6,55,1,3,"NASA POWER (real, MEASURED-tier reanalysis)"
Turkana,2024,Short Rains (OND),366.5,28.8,60,3,3,"NASA POWER (real, MEASURED-tier reanalysis)"
Uasin Gishu,2015,Long Rains (MAM),1884.7,19.4,57,4,3,"NASA POWER (real, MEASURED-tier reanalysis)"
Uasin Gishu,2015,Short Rains (OND),1864.8,18.3,12,1,3,"NASA POWER (real, MEASURED-tier reanalysis)"
Uasin Gishu,2016,Long Rains (MAM),2085.0,19.5,21,1,3,"NASA POWER (real, MEASURED-tier reanalysis)"
Uasin Gishu,2016,Short Rains (OND),651.1,18.1,31,1,3,"NASA POWER (real, MEASURED-tier reanalysis)"
Uasin Gishu,2017,Long Rains (MAM),1543.7,19.8,30,3,3,"NASA POWER (real, MEASURED-tier reanalysis)"
Uasin Gishu,2017,Short Rains (OND),1281.3,17.6,36,2,3,"NASA POWER (real, MEASURED-tier reanalysis)"
Uasin Gishu,2018,Long Rains (MAM),3590.7,18.0,6,1,3,"NASA POWER (real, MEASURED-tier reanalysis)"
Uasin Gishu,2018,Short Rains (OND),1012.2,18.2,15,1,3,"NASA POWER (real, MEASURED-tier reanalysis)"
Uasin Gishu,2019,Long Rains (MAM),1417.2,20.5,30,1,3,"NASA POWER (real, MEASURED-tier reanalysis)"
Uasin Gishu,2019,Short Rains (OND),2372.7,17.9,15,1,3,"NASA POWER (real, MEASURED-tier reanalysis)"
Uasin Gishu,2020,Long Rains (MAM),3186.4,18.6,6,1,3,"NASA POWER (real, MEASURED-tier reanalysis)"
Uasin Gishu,2020,Short Rains (OND),1580.8,17.6,24,1,3,"NASA POWER (real, MEASURED-tier reanalysis)"
Uasin Gishu,2021,Long Rains (MAM),1748.6,19.0,30,4,3,"NASA POWER (real, MEASURED-tier reanalysis)"
Uasin Gishu,2021,Short Rains (OND),1002.6,18.3,9,1,3,"NASA POWER (real, MEASURED-tier reanalysis)"
Uasin Gishu,2022,Long Rains (MAM),1354.6,19.7,25,4,3,"NASA POWER (real, MEASURED-tier reanalysis)"
Uasin Gishu,2022,Short Rains (OND),880.5,17.8,18,1,3,"NASA POWER (real, MEASURED-tier reanalysis)"
Uasin Gishu,2023,Long Rains (MAM),2792.2,19.0,17,2,3,"NASA POWER (real, MEASURED-tier reanalysis)"
Uasin Gishu,2023,Short Rains (OND),1680.1,18.4,21,1,3,"NASA POWER (real, MEASURED-tier reanalysis)"
Uasin Gishu,2024,Long Rains (MAM),2548.0,19.2,39,1,3,"NASA POWER (real, MEASURED-tier reanalysis)"
Uasin Gishu,2024,Short Rains (OND),1623.1,18.2,48,1,3,"NASA POWER (real, MEASURED-tier reanalysis)"
Wajir,2015,Long Rains (MAM),132.5,29.8,23,7,1,"NASA POWER (real, MEASURED-tier reanalysis)"
Wajir,2015,Short Rains (OND),181.0,29.5,8,6,1,"NASA POWER (real, MEASURED-tier reanalysis)"
Wajir,2016,Long Rains (MAM),90.0,30.9,35,7,1,"NASA POWER (real, MEASURED-tier reanalysis)"
Wajir,2016,Short Rains (OND),100.4,29.4,32,3,1,"NASA POWER (real, MEASURED-tier reanalysis)"
Wajir,2017,Long Rains (MAM),111.0,30.5,35,9,1,"NASA POWER (real, MEASURED-tier reanalysis)"
Wajir,2017,Short Rains (OND),155.1,29.0,19,4,1,"NASA POWER (real, MEASURED-tier reanalysis)"
Wajir,2018,Long Rains (MAM),345.0,27.5,6,1,1,"NASA POWER (real, MEASURED-tier reanalysis)"
Wajir,2018,Short Rains (OND),105.4,29.5,16,7,1,"NASA POWER (real, MEASURED-tier reanalysis)"
Wajir,2019,Long Rains (MAM),170.5,31.0,26,12,1,"NASA POWER (real, MEASURED-tier reanalysis)"
Wajir,2019,Short Rains (OND),465.8,27.3,8,1,1,"NASA POWER (real, MEASURED-tier reanalysis)"
Wajir,2020,Long Rains (MAM),190.0,29.1,20,4,1,"NASA POWER (real, MEASURED-tier reanalysis)"
Wajir,2020,Short Rains (OND),217.8,29.1,14,5,1,"NASA POWER (real, MEASURED-tier reanalysis)"
Wajir,2021,Long Rains (MAM),138.3,29.6,18,9,1,"NASA POWER (real, MEASURED-tier reanalysis)"
Wajir,2021,Short Rains (OND),602.7,28.6,18,7,1,"NASA POWER (real, MEASURED-tier reanalysis)"
Wajir,2022,Long Rains (MAM),333.6,29.0,25,4,1,"NASA POWER (real, MEASURED-tier reanalysis)"
Wajir,2022,Short Rains (OND),113.7,29.0,29,5,1,"NASA POWER (real, MEASURED-tier reanalysis)"
Wajir,2023,Long Rains (MAM),179.8,29.4,22,4,1,"NASA POWER (real, MEASURED-tier reanalysis)"
Wajir,2023,Short Rains (OND),417.8,28.0,10,5,1,"NASA POWER (real, MEASURED-tier reanalysis)"
Wajir,2024,Long Rains (MAM),152.0,29.7,28,5,1,"NASA POWER (real, MEASURED-tier reanalysis)"
Wajir,2024,Short Rains (OND),91.2,30.3,35,3,1,"NASA POWER (real, MEASURED-tier reanalysis)"
West Pokot,2015,Long Rains (MAM),564.8,23.4,40,5,2,"NASA POWER (real, MEASURED-tier reanalysis)"
West Pokot,2015,Short Rains (OND),507.8,23.1,10,5,2,"NASA POWER (real, MEASURED-tier reanalysis)"
West Pokot,2016,Long Rains (MAM),600.2,24.2,16,1,2,"NASA POWER (real, MEASURED-tier reanalysis)"
West Pokot,2016,Short Rains (OND),205.9,23.2,38,3,2,"NASA POWER (real, MEASURED-tier reanalysis)"
West Pokot,2017,Long Rains (MAM),450.0,24.5,26,3,2,"NASA POWER (real, MEASURED-tier reanalysis)"
West Pokot,2017,Short Rains (OND),395.6,22.4,51,2,2,"NASA POWER (real, MEASURED-tier reanalysis)"
West Pokot,2018,Long Rains (MAM),1092.8,21.8,9,1,2,"NASA POWER (real, MEASURED-tier reanalysis)"
West Pokot,2018,Short Rains (OND),304.9,23.2,13,3,2,"NASA POWER (real, MEASURED-tier reanalysis)"
West Pokot,2019,Long Rains (MAM),363.9,25.0,36,1,2,"NASA POWER (real, MEASURED-tier reanalysis)"
West Pokot,2019,Short Rains (OND),681.7,22.0,11,1,2,"NASA POWER (real, MEASURED-tier reanalysis)"
West Pokot,2020,Long Rains (MAM),1003.0,22.8,10,1,2,"NASA POWER (real, MEASURED-tier reanalysis)"
West Pokot,2020,Short Rains (OND),430.7,22.3,25,2,2,"NASA POWER (real, MEASURED-tier reanalysis)"
West Pokot,2021,Long Rains (MAM),546.9,23.7,21,5,2,"NASA POWER (real, MEASURED-tier reanalysis)"
West Pokot,2021,Short Rains (OND),291.0,23.3,20,1,2,"NASA POWER (real, MEASURED-tier reanalysis)"
West Pokot,2022,Long Rains (MAM),435.8,24.2,25,4,2,"NASA POWER (real, MEASURED-tier reanalysis)"
West Pokot,2022,Short Rains (OND),222.4,22.9,17,1,2,"NASA POWER (real, MEASURED-tier reanalysis)"
West Pokot,2023,Long Rains (MAM),841.1,23.1,13,2,2,"NASA POWER (real, MEASURED-tier reanalysis)"
West Pokot,2023,Short Rains (OND),482.2,22.8,15,3,2,"NASA POWER (real, MEASURED-tier reanalysis)"
West Pokot,2024,Long Rains (MAM),821.1,23.5,26,1,2,"NASA POWER (real, MEASURED-tier reanalysis)"
West Pokot,2024,Short Rains (OND),460.7,23.1,38,2,2,"NASA POWER (real, MEASURED-tier reanalysis)"
